Sample.name,Index Name,Index Sequence,Group,Group2,Condition,Treatment,Replicates,Strand,Pool,Barcode,Sequence,fastq_1,fastq_2,sample,strandedness
PMC-1,UDI0057rna,TGCGGCGT-CCTCGGTA,Group1,cWD_WT,cWD,WT,1,reverse,SLX-22500,idtUDP0057,TCTATCCTAA-CGTCGACTGG,SLX-22500.UDI0057rna.r1.fq.gz,SLX-22500.UDI0057rna.r2.fq.gz,cWD_WT_REP1,reverse
PMC-2,UDI0058rna,CATAATAC-TTCTAACG,Group1,cWD_WT,cWD,WT,2,reverse,SLX-22500,idtUDP0058,CTCGCTTCGG-TACTAGTCAA,SLX-22500.UDI0058rna.r1.fq.gz,SLX-22500.UDI0058rna.r2.fq.gz,cWD_WT_REP2,reverse
PMC-3,UDI0059rna,GATCTATC-ATGAGGCT,Group1,cWD_WT,cWD,WT,3,reverse,SLX-22500,idtUDP0059,CTGTTGGTCC-ATAGACCGTT,SLX-22500.UDI0059rna.r1.fq.gz,SLX-22500.UDI0059rna.r2.fq.gz,cWD_WT_REP3,reverse
PMC-4,UDI0060rna,AGCTCGCT-GCAGAATC,Group1,cWD_WT,cWD,WT,4,reverse,SLX-22500,idtUDP0060,TTACCTGGAA-ACAGTTCCAG,SLX-22500.UDI0060rna.r1.fq.gz,SLX-22500.UDI0060rna.r2.fq.gz,cWD_WT_REP4,reverse
PMC-5,UDI0061rna,CGGAACTG-CACTACGA,Group1,cWD_WT,cWD,WT,5,reverse,SLX-22500,idtUDP0061,TGGCTAATCA-AGGCATGTAG,SLX-22500.UDI0061rna.r1.fq.gz,SLX-22500.UDI0061rna.r2.fq.gz,cWD_WT_REP5,reverse
PMC-6,UDI0062rna,TAAGGTCA-TGTCGTAG,Group1,cWD_WT,cWD,WT,6,reverse,SLX-22500,idtUDP0062,AACACTGTTA-GCAAGTCTCA,SLX-22500.UDI0062rna.r1.fq.gz,SLX-22500.UDI0062rna.r2.fq.gz,cWD_WT_REP6,reverse
PMC-7,UDI0063rna,TTGCCTAG-ACCACTTA,Group2,cWD_KO,cWD,KO,1,reverse,SLX-22500,idtUDP0063,ATTGCGCGGT-TTGGCTCCGC,SLX-22500.UDI0063rna.r1.fq.gz,SLX-22500.UDI0063rna.r2.fq.gz,cWD_KO_REP1,reverse
PMC-8,UDI0064rna,CCATTCGA-GTTGTCCG,Group2,cWD_KO,cWD,KO,2,reverse,SLX-22500,idtUDP0064,TGGCGCGAAC-AACTGATACT,SLX-22500.UDI0064rna.r1.fq.gz,SLX-22500.UDI0064rna.r2.fq.gz,cWD_KO_REP2,reverse
PMC-9,UDI0065rna,ACACTAAG-ATCCATAT,Group2,cWD_KO,cWD,KO,3,reverse,SLX-22500,idtUDP0065,TAATGTGTCT-GTAAGGCATA,SLX-22500.UDI0065rna.r1.fq.gz,SLX-22500.UDI0065rna.r2.fq.gz,cWD_KO_REP3,reverse
PMC-10,UDI0066rna,GTGTCGGA-GCTTGCGC,Group2,cWD_KO,cWD,KO,4,reverse,SLX-22500,idtUDP0066,ATACCAACGC-AATTGCTGCG,SLX-22500.UDI0066rna.r1.fq.gz,SLX-22500.UDI0066rna.r2.fq.gz,cWD_KO_REP4,reverse
PMC-11,UDI0067rna,TTCCTGTT-AGTATCTT,Group2,cWD_KO,cWD,KO,5,reverse,SLX-22500,idtUDP0067,AGGATGTGCT-TTACAATTCC,SLX-22500.UDI0067rna.r1.fq.gz,SLX-22500.UDI0067rna.r2.fq.gz,cWD_KO_REP5,reverse
PMC-12,UDI0068rna,CCTTCACC-GACGCTCC,Group2,cWD_KO,cWD,KO,6,reverse,SLX-22500,idtUDP0068,CACGGAACAA-AACCTAGCAC,SLX-22500.UDI0068rna.r1.fq.gz,SLX-22500.UDI0068rna.r2.fq.gz,cWD_KO_REP6,reverse